{"cameraMode":{"drawMode":0,"name":"Shaded","section":"Shading Mode"},"sceneLighting":true,"audioPlay":false,"sceneViewState":{"showFog":true,"showMaterialUpdate":false,"showSkybox":true,"showFlares":true,"showImageEffects":true,"showParticleSystems":true},"in2DMode":false,"pivot":{"x":3.2681615352630617,"y":19.07969856262207,"z":-10.474050521850586},"rotation":{"x":0.5574108958244324,"y":0.03657511621713638,"z":-0.024606525897979738,"w":0.8290817737579346},"size":2.556917428970337,"orthographic":false}