{"cameraMode":{"drawMode":0,"name":"Shaded","section":"Shading Mode"},"sceneLighting":true,"audioPlay":false,"sceneViewState":{"showFog":true,"showMaterialUpdate":false,"showSkybox":true,"showFlares":true,"showImageEffects":true,"showParticleSystems":true},"in2DMode":false,"pivot":{"x":-33.02054977416992,"y":13.907519340515137,"z":1.5143468379974366},"rotation":{"x":0.022227531298995019,"y":0.9442862272262573,"z":-0.321870356798172,"w":0.06526389718055725},"size":2.5569143295288088,"orthographic":false}