{"cameraMode":{"drawMode":0,"name":"Shaded","section":"Shading Mode"},"sceneLighting":true,"audioPlay":false,"sceneViewState":{"showFog":true,"showMaterialUpdate":false,"showSkybox":true,"showFlares":true,"showImageEffects":true,"showParticleSystems":true},"in2DMode":false,"pivot":{"x":1.5323219299316407,"y":7.381597518920898,"z":-12.829702377319336},"rotation":{"x":-0.009070484898984433,"y":-0.907142698764801,"z":0.42026978731155398,"w":-0.019577443599700929},"size":22.0,"orthographic":false}