{"cameraMode":{"drawMode":0,"name":"Shaded","section":"Shading Mode"},"sceneLighting":true,"audioPlay":false,"sceneViewState":{"showFog":true,"showMaterialUpdate":false,"showSkybox":true,"showFlares":true,"showImageEffects":true,"showParticleSystems":true},"in2DMode":false,"pivot":{"x":1.2960636615753174,"y":3.8303966522216799,"z":-7.0082879066467289},"rotation":{"x":-0.012496904470026493,"y":-0.8309807777404785,"z":0.5558469295501709,"w":-0.018681976944208146},"size":22.0,"orthographic":false}