{"cameraMode":{"drawMode":0,"name":"Shaded","section":"Shading Mode"},"sceneLighting":false,"audioPlay":false,"sceneViewState":{"showFog":true,"showMaterialUpdate":false,"showSkybox":false,"showFlares":true,"showImageEffects":true,"showParticleSystems":true},"in2DMode":false,"pivot":{"x":5.268402576446533,"y":0.7550485134124756,"z":-8.640048027038575},"rotation":{"x":0.06332183629274368,"y":-0.39474695920944216,"z":0.02728130854666233,"w":0.9161992073059082},"size":3.407269239425659,"orthographic":false}