{"cameraMode":{"drawMode":0,"name":"Shaded","section":"Shading Mode"},"sceneLighting":true,"audioPlay":false,"sceneViewState":{"showFog":true,"showMaterialUpdate":false,"showSkybox":true,"showFlares":true,"showImageEffects":true,"showParticleSystems":true},"in2DMode":false,"pivot":{"x":-18.843910217285158,"y":0.7136633396148682,"z":-34.17081069946289},"rotation":{"x":-0.5961509346961975,"y":-0.07866671681404114,"z":0.05885240435600281,"w":-0.7968432307243347},"size":2.5569138526916506,"orthographic":false}