{"cameraMode":{"drawMode":0,"name":"Shaded","section":"Shading Mode"},"sceneLighting":true,"audioPlay":false,"sceneViewState":{"showFog":true,"showMaterialUpdate":false,"showSkybox":true,"showFlares":true,"showImageEffects":true,"showParticleSystems":true},"in2DMode":false,"pivot":{"x":-16.88463020324707,"y":10.358911514282227,"z":-38.74819564819336},"rotation":{"x":-0.05415111407637596,"y":-0.2778499722480774,"z":0.01570291258394718,"w":-0.9589914679527283},"size":2.556917428970337,"orthographic":false}