{"cameraMode":{"drawMode":0,"name":"Shaded","section":"Shading Mode"},"sceneLighting":true,"audioPlay":false,"sceneViewState":{"showFog":true,"showMaterialUpdate":false,"showSkybox":true,"showFlares":true,"showImageEffects":true,"showParticleSystems":true},"in2DMode":false,"pivot":{"x":0.1987583488225937,"y":-2.21010684967041,"z":-5.6367411613464359},"rotation":{"x":-0.6301453709602356,"y":0.0771845355629921,"z":-0.06315962225198746,"w":-0.7700509428977966},"size":16.77771759033203,"orthographic":false}