{"cameraMode":{"drawMode":0,"name":"Shaded","section":"Shading Mode"},"sceneLighting":true,"audioPlay":false,"sceneViewState":{"showFog":true,"showMaterialUpdate":false,"showSkybox":true,"showFlares":true,"showImageEffects":true,"showParticleSystems":true},"in2DMode":false,"pivot":{"x":2.732905387878418,"y":3.3303866386413576,"z":-4.1337056159973148},"rotation":{"x":-0.09632702171802521,"y":0.7155773639678955,"z":-0.10070183128118515,"w":-0.6844919919967651},"size":10.0,"orthographic":false}